feature_1,feature_2,feature_3,feature_4,feature_5,feature_6,feature_7,feature_8,feature_9,feature_10,feature_11,feature_12,feature_13,feature_14,feature_15,feature_16,target
-2.50919762305275,9.014286128198322,4.639878836228101,1.973169683940732,-6.87962719115127,-6.880109593275947,-8.83832775663601,7.323522915498703,2.0223002348641756,4.161451555920909,-9.588310114083951,9.398197043239886,6.648852816008436,-5.753217786434477,-6.363500655857988,-6.331909802931324,27538
-3.9151551408092455,0.49512863264475726,-1.3610996271576852,-4.175417196039161,2.23705789444759,-7.210122786959163,-4.157107029295637,-2.672763134126166,-0.8786003156592805,5.703519227860273,-6.006524356832806,0.28468876827223255,1.8482913772408498,-9.070991745600045,2.1508970380287664,-6.58951752625417,8
-8.69896814029441,8.977710745066666,9.312640661491187,6.167946962329221,-3.9077246165325867,-8.046557719872322,3.6846605302431374,-1.196950125207973,-7.5592353031044235,-0.09646179777459629,-9.312229577695632,8.186408041575643,-4.824400367999662,3.2504456870796403,-3.7657784782117805,0.40136042355621626,1322375
0.934205586865593,-6.302910889489459,9.391692555291172,5.502656467222291,8.789978831283783,7.896547008552975,1.9579995762217024,8.437484700462335,-8.23014995896161,-6.080342751617096,-9.09545422178924,-3.4933933847347127,-2.2264542062103594,-4.573019364522082,6.574750183038589,-2.864933466128214,7629
-4.381309806252385,0.8539216631649698,-7.181515500504747,6.043939615080795,-8.508987126404584,9.737738732010346,5.4448953859331475,-6.025686369316552,-9.889557657527952,6.309228569096682,4.137146876952343,4.580143360819747,5.425406933718914,-8.519106965318192,-2.8306854291145473,-7.682618809497406,1797
7.262068517511871,2.4659625365511584,-3.3820395029470163,-8.728832994279527,-3.780353565686756,-3.496333559465059,4.5921235667612805,2.751149427104263,7.744254851526531,-0.5557014967610137,-7.608115081233966,4.264895744459899,5.215700972337949,1.2255439513899251,5.419343599091221,-0.12408807271218514,9162
0.4546565876398816,-1.4491796328290079,-9.491617465118097,-7.842171460133911,-9.371416286265315,2.7282082252756084,-3.712880378473466,0.1714138232940563,8.151329478521859,-5.014155417022501,-1.7923415392874062,5.1110227708609735,-5.424036690167551,-8.46040180342414,-4.204970941724639,-6.775574254919912,94
8.59395304685146,6.162407591288339,2.6680751302084698,7.429211803754356,6.073441537982291,-6.268598822279284,7.851179969799556,0.786844838313014,6.148803103281249,7.921825998469863,-3.6399305005627225,-7.798961509446465,-5.441296749161166,-1.4578442274748742,6.360295318449861,7.214611665126867,49914
-9.860957389376185,0.21494605155131552,-1.6517799370244202,-5.557843790585395,-7.6026926533263435,-3.247696571927441,8.858194078250385,-3.5359413595848954,0.3758124348673224,4.060379177903556,-2.7274079524141204,9.435641654419214,9.248945898842223,-4.964354083492717,-0.0550298821522901,-3.982433803664607,28
-4.303190112450648,-9.262261052909345,2.191286679597937,0.0535804645772302,-8.970424975000213,-4.427070715267771,8.165317719333075,-5.208762186660552,-7.102102558175538,-0.21094479444873926,9.713009082212015,-5.158894569769991,3.442710948117572,5.232392306574351,-5.247249120152007,4.5643269722371915,19080
-2.644337345614936,2.646116611871589,2.6705942152178945,0.71549368149517,-8.194204598911835,6.70604991178476,-3.5843987005652833,-6.269629792002915,-9.184497168904722,1.8178588637648367,3.551287236845649,-9.668243421442877,0.24186116598562002,-5.470084496041241,2.9034558081889976,-6.512671419900171,861
3.81875476204932,-2.265293073989252,8.73459977473469,-7.249581117080135,-3.17867297899483,-7.730529575188219,8.493872365571256,7.5467870676196185,-4.841167445696888,3.19968092068358,6.344444004024318,1.104016231989247,0.5930115671201293,-5.162954181990966,-8.137944643882015,7.944315159066534,14282
8.008361143266608,2.6620291454653593,-3.219404179025986,-3.015808507746782,4.519113577404788,7.942205199051543,7.741728485302346,5.597510917152476,2.8406329230857548,-8.317200700099024,-6.767425718107725,7.971083770541586,2.128581193191799,-9.816058967667407,-7.9705691426793575,3.2700353821611152,11777
-9.898768323075625,-6.783838971650027,0.9746757873317229,3.837903953853864,3.0392251900520115,-5.514613810788804,4.243584426950717,-5.255018250063999,-3.4920060368146455,4.929828102360483,2.992657980944294,6.984468209883559,3.152257846006867,1.3661720667094315,-8.12650464343815,-2.645683938811329,10720
-4.695952646365491,-5.1202071324183285,9.460211095048912,-2.138045506664792,7.8409311035422675,2.622772519945258,5.896226070832968,0.0527418621038418,1.5380776925271817,-0.14964612362272156,-6.09514024403911,4.4490423052301065,-4.384552751182884,-9.513680671370924,2.9094459181433567,-6.457786411859021,129334
8.809171687058285,9.078571540051747,8.29728780440897,-2.5968259948911125,-9.690867669422651,8.566371251754507,-1.4363170336537134,9.333096380873393,9.272399541785056,7.060189109347203,-4.111022158608286,-2.298045427961495,7.022733430337137,-3.661559896874447,-6.61014506627815,1.1360252491670035,1100834
8.72309548321562,3.9205959334994596,1.4012234017872984,-8.05647012458463,2.3001445339833957,9.801077002085265,-7.19831969526952,0.3665930472747352,7.5474614385591074,4.815372355084088,3.9403148199053604,4.049681679742186,-2.8101769756048967,-4.128163114710133,6.187223109570272,6.202267893583617,5733
7.341446371602075,8.264811051129428,0.22684797721875682,0.030325893743992083,5.965903579335503,2.999278615555303,4.039337545154067,5.91585338872202,7.8001068363513255,-3.240096862969284,-2.48834094720112,-8.12036120318262,1.5656028199234804,-9.281154524065158,-0.6880396373507978,0.8528926941515316,464
-4.269174957434312,1.816665211380215,-9.389995001219011,-9.253036225015713,6.452011213193167,-2.7961871717747417,-7.458789746962305,0.4448652010960874,5.399871061972217,-5.683579450063137,2.4578095163800047,-8.29305070012464,-8.966365576627846,0.6270926313629595,0.8127024322021299,2.748598029964132,13259
4.52182667445323,9.517041589250692,0.3260069660239058,-3.5408705411750807,5.903723895374073,-4.583354974758516,-1.2205715858872779,-8.430872373154681,-9.49298513169085,9.252968293558503,6.719602410244118,3.9194841218739604,-1.8209411117146033,-6.534113598583085,-6.871259146578279,-4.995142036708094,492
0.984533294122409,4.291918454001246,3.2039475343546258,-4.401322061081143,9.097305613263881,4.757938333915369,1.0870810502280133,2.2344149246870444,-1.6079987514442013,-5.045380209976851,-2.8805464269747683,5.156922209287382,-9.712130227404883,-7.678547189861675,-9.079947159564945,-9.185423953620598,458
7.109211680220145,4.073157187600474,-0.5165234182534952,-8.04331678697997,-0.1676824976633533,-0.5305645843886868,-6.535962601799696,-1.3229670152405397,-2.0299053120525308,2.3170019610443298,2.7018730173528756,-9.09391980455911,-2.5077477074705756,2.5171983142847267,0.06272517160175362,7.129796823766444,564
3.1738726323789006,-6.741311458371406,-8.588625051991404,2.8483855641263123,-9.469773789167563,1.715511625469265,8.804604828499151,1.50948355751758,-2.236601475869562,2.8657643688470635,-0.8349421901696665,0.9123357863186996,8.829296175530502,-2.2779472439845154,9.223811276478283,8.107012839121275,84417
-6.084177304214071,-8.612773982496691,-7.984439972451467,-9.635563486969005,-8.111140784881432,3.6601354683271374,-8.57622703079542,-3.6204873941247744,6.89750621938909,-9.534561285283482,6.289369651778717,-4.362904504532001,-7.636703447566875,3.9347433072830125,2.5788569355976794,7.549440270541059,437644
4.701420876077716,6.06961860769697,-4.35930854857387,-6.451209124405544,5.012295032817168,6.136694785345281,9.810102840013467,-1.7476464617714704,-2.559638284144336,5.528259214839936,-3.183929194939643,8.615146512071295,7.168255036860238,-1.420119452499634,5.017421355829947,5.0908574816936465,38685
-7.937522623281348,8.051058133591333,0.10504744895714246,6.529149322154833,-3.599007979387765,7.9104645699240095,-2.215966425316738,-9.783246970394032,8.107639528385274,-8.174266464277329,-3.6137272481917027,9.001239341016099,9.012142938751122,1.4687577624657226,2.6367442433959845,-1.031089560433605,107
-4.135784566038709,-3.4267090926016808,3.450369121540769,5.0474905887536,5.83158087451697,5.792362855891078,-8.175877939026194,-0.11159390594837149,-8.848824799667113,0.9905776464747102,-1.1693899725324606,7.754083655165996,-2.9816997489584267,-7.658659671447882,-7.140166358943283,5.230212634349446,5986
2.364361266325222,-7.977546477544195,-8.317863877700052,4.019382629182399,-8.544739872716129,6.437201185807126,4.1248445431299245,-8.373024387162005,-8.30324571829616,9.732791570023508,-2.514584084877594,-2.587157058662182,6.255991345150051,8.944971547677174,9.720021276457416,5.0675637051788325,61538
-2.4748082893816843,-8.329985666026625,5.542938318548735,1.1680849947161,-1.5155598150604739,8.12708770189472,-7.776050353876974,-0.14749791418281788,-9.772927104651618,-0.626787160117475,-8.873934486363254,-7.623641674638561,-7.649475064457903,2.984206042321272,4.920897585308467,1.667375301943192,32640
9.243450969490837,-2.5025884095259183,-4.285758274362785,7.3719825637892065,-5.528083229610948,9.264450788812226,-9.756910506203674,9.39757653415278,-9.136801760988478,7.822862273961423,0.5540221817259976,9.859295922386007,-8.524068705292024,1.0770856880264148,9.38605071238198,0.46195688340297636,24561
2.5879727627052507,3.9149737796923425,-0.9091787046445354,2.551161601681269,1.6862862384620048,8.023160209819778,-9.091072393170842,-4.380736208155394,9.008229681531176,7.805275677818326,-0.8868649442857404,2.4026519560307342,-4.452376340377347,-6.237576805524774,-0.7260319012003578,-2.9329554394789437,210
1.6731222370174414,-8.445307260700304,9.48789615332333,9.724214889592059,3.9632342803949037,0.7219273268824082,-3.8094476742734447,6.275900394138972,3.694623451077586,-6.747661213102174,8.21854368987685,6.450744858463381,8.99599826583848,4.5143901677672,2.268303918715798,-1.6351392741876225,44930
8.654569667080267,7.321277790008168,-9.095626597876212,-9.47266051005496,-2.4707326624390085,6.211066615636657,9.74552258629889,-6.991662177929436,1.8826143070427026,-2.3821828673795693,9.398287956292066,6.842378462714173,6.766574094222758,-0.6261368041005948,-1.703609953246696,-4.531858561385875,830365
-8.872490066981458,7.294447525101063,6.258020182601552,9.994353465722611,9.93273674147811,1.108634112052549,5.37974830361021,8.89531459764856,6.992947813548231,-5.053037965136047,-0.9891172937981292,-7.4168116969701,9.081020545174447,2.123492689017601,-5.427143889930745,3.434013688117135,410107
2.3625648091579166,-2.8367456393431905,-7.72884815600742,3.4314639118559924,0.40615401807586693,5.446367834712786,0.40327002223986774,7.043630006370801,1.0381367754897113,1.2187594307077259,7.533072053166901,-1.9303426757520583,-7.319695430987185,-9.42434647373322,5.1027451134723805,2.406191027069294,6695
4.081595361984471,-5.740716769821786,-7.272570488264605,-9.709106686642361,-2.9882488238680605,1.7983537370926612,-2.155119098005354,-1.2505015595254179,8.083173889874967,-3.0348906595339926,0.2797897831962164,5.673060254822861,-2.069144353574597,2.4417340045574694,7.247274174934905,8.990412473152844,72591
-7.058530381419241,8.531752503229889,-0.15767413840923616,-4.8351122340208335,-0.8172848752347743,9.600651505709543,-0.14763812014260758,-3.424967794249836,2.6680170863345154,-5.197087624436138,-8.482733437826722,-7.4224055617870155,-7.439083220844552,-6.9619461297541125,-7.223456547011797,2.817494896064293,231
-6.3623983120171035,-3.086654333522736,7.935768198120236,-0.5207671947425538,3.3511547704205427,-6.553602575967403,-6.1542196238265845,-9.182627674670423,-6.621298738556709,-4.4281932193608275,-6.459790314465064,-8.225949324858888,-7.587282577987984,-0.7844246393454846,-5.87332563188415,-2.714602779038491,60725
0.06834541709713804,3.807896572587307,-9.213757203178021,5.988207978180853,2.5580077898181557,-8.364819361022562,7.471572482135546,8.417448010636264,-8.778440802902725,-4.4624470370559255,6.124025595861227,4.965193807673167,-6.3095796128724535,-5.813013533265794,-2.5905579441723603,-0.30954029617957346,14
2.365095430605919,-2.621727208604552,-0.7493056773370412,4.94941876267513,-9.266335942188043,-4.951261113119585,4.266991717691049,7.9041367537439875,0.23354884231332207,0.6422697053063136,-7.856559773204479,-1.0517526635309071,0.6523453291004628,-5.150589927305407,-4.615135381012381,-2.454316737907547,58
-9.598576044445473,-3.5584166883364343,-5.7710398600691075,-3.4500529564417075,-7.604757363614976,7.810545614797899,1.8718490710809732,3.582046382889793,5.783424772146766,-0.031156021418855318,-8.261594238251526,0.742130836370956,1.736822360417582,4.908789483686601,-1.3668090754064117,-7.448393944088725,97135
-4.324481884025511,-2.738354072027298,2.9183448266320244,1.4155660933782386,-2.878065482043075,9.730304975859593,2.1154963871377426,-5.25546416528011,-7.964350547591925,-6.94281721631336,-5.080845432309838,-6.786372534808887,-6.268659518973885,-4.298096626123058,-6.5325280941049035,7.9353084925285025,2991
-8.395325086767155,0.4902277914050934,-1.7920634602067693,9.647572338172129,-7.759221956638953,-2.042888019085167,9.389408665507379,7.310142517879605,6.3414414189856,-4.841943459101204,-6.582248252198683,3.3728643984886197,8.587519782551716,1.135257860278596,1.432253789397997,-4.4004181267943165,130
5.389858663838737,-6.259125028849533,-3.526415271915127,-1.491271227671664,0.15220757368910043,-5.151805351698395,-7.703263505215929,2.212400848832651,-4.227388935194885,1.6247644284522451,-6.912745694515953,-0.3771979629036508,0.6517886510317172,-8.963529263551461,-3.267914436121588,-7.311706461220515,35379
-8.732500590544646,9.799204647798906,-3.5529231005055406,6.197488917092699,-4.907186904724723,3.630054444478585,5.204557197793731,1.9127748121568864,-0.5684762289968326,-1.7631817170546285,-3.0226346691400945,8.590582884956518,6.612388155754584,9.300538213330253,-7.514055530289106,4.617349504072886,231100
8.766809136420758,-6.3753386766867965,-8.67007465266445,4.822412985801181,1.489462263598238,6.836575535165441,-7.20455246747421,5.905346237197804,-5.967453599045109,-6.72688114268591,-6.714684041380141,6.291494404627642,3.303944413924002,0.4613084953823865,-2.8233903175299506,7.5440108162621655,587055
-2.1510978515472923,6.331988789431541,-1.217301828595632,-2.4611114115018484,-0.7464042866078717,-3.972442516717159,4.952187603525022,0.05440780184958349,-5.355746097063654,7.991491465491368,-2.3221755725357713,0.8710572222797719,8.12944221929094,2.484759918279842,-7.662039185832718,8.796642472269504,706
2.5541610614283563,-3.3018877068582775,-7.214558546732254,5.880503785405919,2.4014551185702704,0.6692218395264309,7.877851661019154,5.771944224490614,-6.9665024053449764,-3.765558644089035,-5.030217203710685,4.878925851453539,-9.329351305284412,1.39779369742633,5.249173714813811,7.535312735234989,9253
-3.158365025681851,6.425146093440258,-7.7873652608958555,6.929045834690363,-7.450226753360352,-2.0542541887926546,5.9459073155910716,-7.001651453024524,-5.414972095347171,4.445051367861325,4.400730730921488,2.8229526577059456,3.8789688893420013,0.8544888669519235,-4.964018821860945,-3.086080129921611,62437
-6.368045663971486,8.169011226672566,1.6678358953224084,-1.9829716647272022,-0.7598839271173468,8.945666792236306,-6.932971937678396,1.7245966403359443,0.11777357768932006,2.229084708692957,-9.63779632358319,7.442478178883029,8.642365649672247,1.3026636717841793,3.9330164775378442,8.449987623545915,18825
4.144772686267972,-6.949219141714773,1.5257672033362635,2.1343009276571188,-1.5173865739522796,4.728884712494457,8.687340295380295,8.511370258135528,-0.9832125719173579,-7.735239083184895,9.696823979246691,6.777961728918683,-7.506746375934663,8.416837652347446,7.3979272412425665,0.3767611425214419,4823
1.8255087148985858,-2.019945922597395,-8.904767223559373,-3.296055167081981,6.057068971960227,-9.907359539907944,-3.3300165661771164,-2.0366261281811333,0.7479120587584571,8.397112328255211,-3.073080112680775,-3.0609359620754457,4.750024962194967,-0.9556411822038573,-5.507903541200361,-0.9512096773461316,2704
-7.182859592404003,-6.472260269875534,-0.03264454521040605,-1.6214910099090414,8.296918021362,-2.7521220176673378,1.6117670055608695,2.6452857583906066,-9.738110868233328,3.270747440334212,-6.439280662604972,9.221406349389103,-7.026745444937741,-1.7075175254595258,-8.293006638427123,9.937485036918947,23
0.04390020662485128,1.9077003464008762,-8.65847045223145,4.999209407983557,-5.801888138088285,7.961085788814273,-5.897207190359857,-6.186245586726669,-9.269006643038102,-0.5586610978000159,1.2968226652523285,-8.685827211432953,5.510552333900211,-0.9342233050394473,0.4878053865516012,-1.1847450612354375,-3
-1.98473878249348,1.1928066261643586,-6.89519508138575,-6.3614373900945775,7.235712420270346,8.922309242672654,-2.533813674404941,-4.585106537128924,2.8799908647803143,-1.8253165780380716,-9.492272886793103,-6.876948052676193,4.3194445769479515,3.178478838203027,-9.45808014993033,-5.560556761341012,674
-5.378504068238572,3.4378548719745687,-9.605789244912717,-7.917828360308523,5.998321707463788,-6.429106758913328,3.0549221570374936,-5.23634437906547,-8.011172144813097,-5.136556180010919,4.445338637113183,7.113929362125717,6.604397291339833,-2.056329407630903,3.3617027314129224,-5.900314091683581,78857
-4.137045394779735,7.926716370422394,-9.73996152978528,-8.28982938291064,-5.842274897079454,-9.469355922523606,-6.371291298204054,1.6608312193938435,-1.5715089881500415,7.853434221539498,6.3488712347688185,-3.1636529660424806,-4.81153133137415,-2.4061518366546615,1.8058988502961544,-4.638727183542475,255041
2.4829781569826803,-1.811766956175191,1.0409436170396056,-1.2774694172936663,-4.110684809161647,8.969066139243132,5.272115883195216,-7.1977364846709495,7.369359517958255,-0.25137603500972716,7.891044537881829,5.997105118946305,-1.4957299106153314,-9.550613833597652,-4.626452812301078,0.8326842932173388,54
2.6695643965229454,-4.842246291335954,-7.212878518543517,6.698604735985981,9.688043614071042,0.5138036460537165,-6.5664142830339305,-4.553853469612621,-9.632186469050666,8.285976131209981,-7.644978342197177,1.5303295102850711,-4.51889558625588,1.0835600503158673,3.028407767037285,6.594836074144034,21738
-5.871574564787936,-9.780083426830391,-7.2622873986238545,8.0003728369621,7.477801551250305,1.9482620434061655,2.010337208673068,3.3007334909251096,-6.492574427531008,8.288238918499196,-1.6245895021585373,-2.337229435010051,0.37835410565675076,-9.0606806644989,-6.674332624878412,4.760672328527409,434798
-8.344026641497472,2.0630421893277635,-5.093017806373581,-2.214087719160469,-4.226125264586003,-2.8865456707010173,4.380918103684909,-4.057565687536499,1.3280928059379438,-0.4789919560180067,3.273423307252962,8.73659478649516,4.651441944205006,-5.701192428184864,-9.376337298774306,-4.754719114003498,19217
1.901558614005097,-8.971483730314993,-0.07267505597527268,1.9368569783377847,-3.315122183660783,5.418244074916439,-7.868034937324564,-8.497244365283825,4.563775124072066,-0.09017367587603076,3.7680479285547204,-1.3034532279250755,-5.071959335217864,6.382046353483993,5.988317579379585,3.893929417088536,3
-4.5570972554007465,1.804613337381742,-2.7805220611994645,-8.168358533467316,8.346271509244858,-7.263627381620772,9.004747076416049,-1.0798845408408848,-6.297341423227607,0.8380189475671624,7.458916717528165,4.644497728191224,6.131222957228996,3.1756673342143475,3.8455312903570498,6.983913031306386,1308
-5.006639822816281,-0.21150072713719048,-5.5758111636079555,9.753360159932939,8.881186793732265,-9.211463772629882,4.111503450313769,8.504966348313317,-6.388493097453329,1.3589046110525889,8.309765951760838,-9.321080428284024,3.9484053449367984,-4.053019852548985,8.487923907530607,9.421164903307357,79
8.885329782268677,-0.5157156668507241,7.240853019786268,6.890987970701406,-3.6179905351348873,6.578309483013548,-9.259847305690148,1.92539756964106,-5.3998232542459395,-7.588662284454424,-8.460935967415818,3.925775517562794,-3.2025007246386767,4.4953354305752296,-8.692873184021153,-3.6941932433877938,2761
0.7898258475067443,5.814463296779271,-3.6249499413586017,2.517827528740181,7.719554964723741,2.317263763646091,-5.340810504927324,-9.51198436886924,7.401977478018598,-9.574611782992257,7.49403345368399,0.5787426805442397,8.781353970257925,5.975664715473307,9.958682210666751,-2.985763690965797,681
5.343765778622538,-1.9613817278151569,-0.40248759392182265,2.5501092643674017,7.4735422837267755,9.681669383985902,5.365468277290365,-1.6446643566533243,-1.5728599544585968,4.751646031777829,-5.224457084633953,-7.790517737372107,-2.9075568471844697,-4.255220166918365,-4.073837590880198,-5.327844979001801,47
-9.158136207272761,-9.642521305331723,9.75444779472063,-1.4445373252827522,-2.313467056806367,3.5929456538613973,-5.634922242698717,8.999223679004508,5.726900288311041,-8.21177995375481,-1.6483844843014328,7.582366151243292,8.894640445828205,-0.6519697750026054,2.2682277842141545,-6.659321078158495,1854979
9.823372522739533,-5.3665659723311325,8.854635482702513,2.992932979847369,2.154735897577183,0.25377022033017127,-5.386603765644827,-6.469439359889835,-5.590275818596493,-6.271234757114909,5.591689471335066,-2.997494816665398,-8.843146468732073,9.382052602816227,7.675717699268514,8.55504566390426,544750
9.898156452928706,-6.522095015610255,-2.075159621946825,5.164769514081826,3.9204123610758437,-6.922081873202899,6.316662499812356,-5.511188563266787,-5.523647703547539,0.739488457868271,1.8587986968340626,1.601724156756223,-8.170263252044903,7.549217252607608,-4.687999148225879,-7.4097015743439165,44876
7.774961597379544,9.113029964595068,7.2425523453090115,6.19032149449756,3.1048396127804345,1.017147412182787,-8.260264801771797,-1.8309357385860263,-2.5462296597537204,-4.804924324793475,4.468402273771698,-0.08248529842458296,-8.379075681847041,-5.596335961003773,3.6651752731919185,-8.477382810193996,658320
7.024138280975375,-0.0970694597205135,-0.38826845346704,1.8481556931903516,6.493619318502983,-3.043815841956139,3.560323051181271,1.3146392799158217,-4.6594345966115736,7.57259972710316,5.948520432138562,3.1690366931685094,7.011634581884838,7.345884019196049,4.167259534300696,6.740266567273441,5
3.949429233385672,3.6028154352060078,2.372227564303685,5.054332791152824,-6.827897894138526,7.617415183978569,7.43687055490464,-9.415054339308817,6.516335011295254,-7.422602650531096,-3.297622914817162,4.870165125832155,-6.784802079033836,6.359340482381242,6.64268355915484,0.14935467521672408,2843
-9.872282565663328,-4.259237336501744,2.3385383675148432,9.62372356054847,2.636270540333367,-4.803928378716805,2.680114061992228,0.799707594317109,5.596907903022872,-7.860387223460831,5.220558050040561,0.825331573522206,9.259840077179891,-3.1625566792262783,2.652437862678962,8.64056211020035,24170
-7.949805440186415,8.744569744729024,3.7577144460162675,-8.643258817896562,-3.980728661063675,4.163441772905632,-8.652987970624565,1.643409203525465,-3.0823388609408653,2.4183103553495418,-9.085159323749743,7.430736123047524,9.469779383547937,9.37755710571383,4.993036634858495,-7.398275197387361,170602
5.165263918580452,-9.50826167082397,-9.557528969420055,-3.5277956170091755,-0.2271361919066841,5.4081483561558645,3.6659075321301042,-1.0819458724650328,-4.527466674366682,9.942490003154223,-1.4763739552805415,-0.97225951340649,-6.727523576166616,5.8961909749985875,3.8736445156297723,-5.584607744224792,550833
-8.352379087683147,3.6099860414942615,3.090224285622705,-4.534809460035813,9.017271245008207,-6.978842164381995,-1.3533039791479613,8.872318403351976,-1.6054536614775543,2.7705189532817105,-2.0481120407441145,-4.515695953026599,9.679552959196563,-1.8133198736991396,7.881984073582689,-5.400907882178276,21694
-5.737905919498334,-9.377318342309772,3.033336507517701,-2.629473125524777,7.28716499679274,-0.5358018661688568,9.363868558294435,-6.289489685937577,7.372463359112217,5.531937055834835,5.41843689288104,6.895664562337753,5.220479818859978,2.5244064326283073,-7.3751024463522485,-9.349476410174962,66601
8.416956956313737,2.3330062904147617,5.930745819523526,-0.3695529697489981,-7.65383622075211,-7.496284155948992,3.711305744579427,-1.3938821020107461,-5.989505465993266,-0.16810906517126156,-8.715821258497318,1.639428038287976,-4.620131911298047,5.951182012743763,-3.7927608215285247,-0.8955970183639756,33916
-9.767589201837987,-8.551062244108822,-2.150128871866304,-0.4012233056575294,2.0004109623860735,-4.166748425813935,3.8996377225308514,7.20244794378409,5.597019777866997,-9.207623493032857,-0.38986105484342204,-7.901396431636503,-5.159099682749451,9.733251865342929,-7.150089141969735,-0.02223693097287871,80641
2.3631146863623815,4.049299410882078,1.192973669738283,-9.804583051616326,-3.4707738351201627,0.354232867694229,-8.242670017103332,-2.987461375816385,-9.33593782417267,-8.428430056899586,-2.061534475968079,-7.345684919138793,1.3508169652311626,3.7892993827453143,6.011733982181656,-5.996995115103799,317
-6.650348354818605,-7.908643193311995,2.728604990872734,4.129514529738023,-9.36827710348716,8.724244924873798,-8.960574326970551,0.8259267060214093,4.181210389018329,7.419382474921711,4.2817386426485555,6.034561661395838,-3.210996149143879,6.296502274930244,-8.397703072306497,7.896333121210553,51508
0.9518475230747256,6.345955399249874,-0.9536343096339976,2.871553903930499,0.5280532187222633,4.6317904351066375,-8.367400359388208,-8.792958320188724,-5.057935319797071,-6.809106397736233,7.435671331844034,-5.615720252839114,9.517305116382627,-3.262084164577863,-6.357641686226014,5.793970142849583,88
3.1741555100175223,-0.03608567093722037,1.1072710187526251,4.384035565445277,-5.4309051733740255,9.926678321134837,9.495863242935663,3.0065137269387385,-6.009150981417097,3.6045648486258273,-8.556031820416482,-9.386949955883878,-4.846342229775726,-0.7475408652136739,7.365450108167611,4.543381395326161,-3
4.854130423999621,-1.490133311038493,-3.0813001490607412,-2.5792247403079465,9.752991274721158,-9.19781617175035,7.340629922448972,1.5735081714478678,-1.2276916162081903,4.50515320830273,-0.26662117150594256,7.468464761633211,8.014037280225171,-1.5655814625308917,-4.463444055298968,1.8470065718672437,1250
8.24726691233382,-5.786756219886668,2.4593316712696556,2.631204401850411,4.66226044830562,-7.368646297454804,4.316499293641771,8.180650413312819,-6.406337822595161,-5.249133501522447,9.427901880832792,-6.380460945810205,7.0877018673915835,-0.1544428710393042,-5.055378511936459,7.4149980254502275,34448
-1.0938948999466902,0.29634707859380427,-2.8153326120046867,1.859017028698549,-6.729522548299545,-2.1783692669647863,9.38824644670575,-4.837331345977449,3.134733290825844,-3.496198715506102,5.469462513732013,-7.3825267856330035,9.396420901570895,-0.924209172327215,-5.278990733070721,-8.530065053399747,0
-6.604841898249186,0.3954789711203528,-3.2599364713742744,6.577667317652189,-1.3822495267638821,-5.025714548247402,2.3428997320806015,4.135544337708916,-6.659161841981003,-6.647615674233647,-9.266571461329141,4.728040301312809,3.276090552436102,-0.5073824850037223,6.883408979383944,6.113403059001065,173
1.7070872879350425,7.365425610265174,-5.8831757992646345,-7.7616076120454425,-4.605007769660208,-8.858262878213703,0.6233905600206402,8.732113845899228,-9.213129186629807,-7.557801719799464,-0.956019434331294,8.677500350558098,-3.67687790046499,0.14469617376784782,-9.168542818992158,-7.033135980758223,13684
9.732602459176938,9.302373928720911,-9.901200381311808,9.03623570846478,2.782398756310007,7.358365890400442,-0.9052028873228188,0.31192057158500575,-0.22306839486159546,3.337285150922087,-7.206974904873742,-9.400528202546441,-3.8414011681761817,4.093615254732935,-5.962930957541033,3.4686486664983462,2008929
9.398240922145408,-8.121985684211632,3.4520423645025247,-1.1249956139085775,7.362845087550106,-6.457004211052282,3.852519044523291,6.762305792962206,8.892284389480466,3.664960565792917,-0.05650471983145344,2.356944804024277,7.378099689574363,1.4121949327765932,-9.392258806063262,8.618973910139555,173600
3.790535020631223,3.5302677155449302,-5.6864969520456565,3.177709404653143,-2.1227118869168304,3.024659540829841,-7.868139393840186,3.156906092060721,9.98827451541333,-9.03575922278888,9.543483684426345,-1.8618407855425883,7.415069006745185,5.64770968116547,1.340325219733355,4.768984185026531,14478
7.570311226026959,-1.917193566979341,-3.459336768735226,3.3518677112716944,6.15691883882517,5.245702695532316,5.95627297717269,-1.2883337037413405,6.356684323500431,-7.595818892587831,0.8897819592169913,-9.884826790037568,-3.5082834019945945,-2.670769302572042,-2.076546167814892,3.9093441337972443,6301
-2.2288379745930857,-1.026127547549386,-5.24911738251345,-2.5349641674131984,-5.454607454736971,-8.536081524631127,2.0689718676275586,3.3642559711003255,2.3898069201922905,-0.7301191239885529,-2.404284396415404,7.266672991436504,0.38163570272436154,-0.41636244740537975,-9.487158683871286,-3.175043447476873,367
-2.396087624282859,-2.0235443820619903,1.6034473845466461,0.6720509345375696,2.1581018558688925,5.297665230842565,6.259714774321871,4.362461524529888,9.110473919098695,-9.635348346472767,-6.0844402863290785,-9.848742500437158,2.9494942830920596,7.960610978999739,-5.1303540684740145,8.540690895926133,165
-8.794652194208783,8.688720536110285,-2.9675462552073117,-7.97158343101567,-0.28256481627348684,-4.864468645589842,-4.302541960761543,-3.8542007014742685,6.060517956653268,0.7832255335050888,-3.7738460168799275,2.2066756662183664,4.323013484463871,-4.547519985329325,-1.7290179694929702,-7.562278133261049,128552
-6.377013009306394,3.622357079299656,-6.371233046087461,0.5032676733412025,4.1809252344486545,-7.862461538105123,1.3462443925780718,-4.868744325972725,9.258537504751597,-0.3290870656015059,6.119850995503164,1.0045308431252344,-9.131749342903618,2.663027511880447,9.02806684413314,2.0322364029266247,54144
6.383777188535802,7.6841292669681565,-5.4384045610213505,-5.759103201835467,2.219619777019835,-1.7794306038659062,6.797226057334406,8.000462467960222,-2.931572413945638,-5.262588820510359,5.610510304877236,-4.503879289037278,6.452286370273569,-1.5252349270247443,3.3509979858294088,-8.089293723306636,177909
2.4771864935314607,-0.9646464252554168,1.7321692635094816,-6.639715845102732,4.737474898883642,7.25594155086457,-5.665203998184487,-8.085708889596766,-9.527228279073272,2.839430008865321,2.1418807217756157,0.9339482542814004,-5.361058077680491,-2.181880081889707,1.8895267037234618,-0.06466282281661151,38
9.755710404297744,-7.271204948865337,3.902891080951875,-1.9136246379141575,-1.4360077014877053,4.351955313163526,3.8487230264873933,9.825119874043764,-7.432114210917495,-7.917807012316674,4.486776342574823,1.567738340128182,-4.516786668803883,-8.411612620220268,-8.286835008071389,7.883817493282365,191627
-6.162653505625142,-3.5325687576895852,-5.46687195546024,-2.9000738833612534,-8.611523145078133,0.3811958181654074,-8.647748728155701,6.007130156447232,-5.3257583617913395,0.8002382920902118,7.6015817512291655,3.017547380943883,0.659155731026706,-3.513324937692488,-3.339961738836042,3.3897391039638016,35415
9.88278722442335,3.236783796987572,1.155668347400498,4.613010204784922,-0.6958877543256374,-8.797153147984297,1.245936317558197,9.152505690107603,-6.493941152846807,3.800097816413315,-5.9813262268188705,0.7165536894616249,-8.066471007065608,-0.9925812748362972,5.123266577904921,-3.0485695152203585,3412
3.2982344897443596,5.908999215794584,8.543556389589053,-5.307158362890929,-2.0136816838138376,-6.951679733391652,9.849670043167503,8.540019358485907,0.7991426056111912,6.840665887528424,0.4191595454408432,2.471713760055195,-8.217511357679667,5.1054084099361585,-7.445730327295303,6.521352605050566,69328
5.640561753407718,4.174893954859529,-9.276792389504758,-3.937432881093428,-4.737748601783142,-2.7972718505696186,-8.24714506472323,8.739156460621256,1.0760448142475258,-3.8895137868395295,-2.0603696585143316,-1.0559491899032878,2.0118866672123463,0.31358855392995544,8.387839464288348,-0.060730341883395766,119296
9.843160296466252,7.028499154901915,-5.829789712853284,8.611904292878325,-7.672672042290478,6.348994169823833,-2.3875341304683984,7.559486408901389,7.361133802149006,6.118508002352424,5.800608726141228,-3.9064172180391843,-8.381614338974956,-1.9403964246967718,-6.529509700269827,3.899021778049235,406676
-3.078005469244289,9.512204017198297,2.8194415469066403,6.449611272687218,-7.349506545163031,7.2402896454524495,8.455143810267888,-0.2587616236212824,2.1250587550195483,5.296196018059909,-6.503227454791749,0.05132152926884892,-2.026739444553738,-7.072520156755018,-2.649311554169371,-8.636553812290128,17033
-9.48376186101026,-7.296674216903545,9.262302231783476,0.9905907179003393,9.3164432230644,-1.3500424333973609,-3.7636773382948085,0.12283725680488189,-1.209766227341797,-7.886706314765122,2.816526293804124,-5.679236349808008,2.391759097956591,3.0040218479630667,-6.959502937427038,-8.773007457786637,1027049
5.615231721368797,-0.8039915246135969,-8.836724089890485,9.897326343395342,-8.844388780072666,3.900704577171064,9.67357850526827,-5.216397915681488,-7.1550126262560765,-7.572301211551422,-3.9344970486480886,-7.979083779787066,3.843226833882639,-8.754164037398747,0.1884425629957942,9.933937077059536,3974
6.2794053901203775,2.3043887646202172,-3.874927584267766,2.4779167258327703,0.5408292782330335,-1.4783323221925713,-7.38579246519601,7.732084304809334,-1.0043070235735492,-6.107549763584698,-2.6448129824542077,-1.717404949421459,6.5507579113374845,4.672287611228041,5.386097872826795,-9.779374711427057,7851
-1.6769200364047698,-0.3731169672935266,-9.616154463538866,-4.803735825099316,5.2057964624427004,-7.257805885420019,0.706202629051834,-5.69596255965525,-9.757584507122134,-5.17597084800917,9.517475098201075,6.030742237659791,9.191532886420667,-0.24291912147275063,-7.8052760264499295,0.95918977947386,97
-0.9124533088007816,6.88714165479232,-8.038348384315109,-0.23517725956443591,-6.999026706120315,-3.506481462198801,4.747141547755993,-0.47963741262466897,-2.482234297084613,-2.110474428599294,-0.8110646318802672,5.700330876741138,7.841693778804689,9.106693730078565,5.738067725105902,-3.6918620850397454,6375
3.762694121730842,-1.2479375188921615,-4.906587559078977,6.817431588518453,-9.2314730207535,8.03523984270847,-0.7704507075053169,2.744029536165609,3.187078444115654,7.902354814130728,2.7333936433441473,2.2786716952012362,-8.666959188786201,0.3681604389040807,-6.996619983659167,4.7486753744297125,1338
0.24443841625348917,3.6045555841670662,-9.166541987952314,-8.304159679083936,4.326467761253646,-8.558313280026532,-8.574865444694828,-9.757830495302251,9.130027965989601,4.750167189180139,-2.934971829958717,-4.069288374246895,-3.005935405083009,5.4930706236236375,3.2274122214082883,-6.296088642650641,164
-6.517813293318313,-8.032087005732054,3.206054394026763,5.287453244434719,-4.6990714334999195,-9.581100779381744,-8.356566650471454,9.357200696900609,-4.091104450451595,5.384462956762672,2.493271377085275,-2.3612072069420815,-5.886254756088897,-7.572271636811871,2.300259360777332,5.492675612755759,70421
2.878085070822614,0.6060426649831658,-9.160975531367274,9.369775551887678,5.974283833091491,-4.143559265980706,9.599406587177015,2.037631792726442,1.6484531641449287,4.961463588590643,6.235395761802749,3.1295721466300535,-7.4380850726759995,-3.234649880110032,8.561672806520995,-5.507687763122961,624
-2.556659523249733,-1.3584623411160806,-1.2119002061109558,2.25879164989051,8.86151675489415,-5.1861457633499,-7.569972473981639,-6.050590202801254,7.7384980041853915,2.916216253104121,-4.281864215216798,6.3189387793723455,7.227399927268721,6.9302867738055625,8.37853067279109,-4.955179596532768,42
5.100838574925566,-0.7892100545172003,6.839971057801229,4.569813543232264,5.528948929994492,3.1232367536214305,-6.451424610605862,0.9005383779387657,9.693394790490164,8.747761329942378,-9.136525284059767,-6.7037036854112575,-7.365424530908761,4.519598199705911,6.3557065971389015,-5.729772673786561,1892
0.11705385903658083,6.814060560224,4.656030895325012,0.8447441098369666,1.8069538091754573,0.1672109383255993,-4.049030973623589,1.3004398571803222,3.7777060410018137,7.466458317216155,2.7258270795849615,5.22243074086316,-6.79856730090854,-0.768850511604203,-9.813367603458135,-5.06642270956754,43
4.529234302260097,9.83619902698727,-8.016438008255681,-1.970113682774235,6.00141937398319,-5.919287307422023,1.1016989860457258,4.661425920593496,2.319709005203581,-6.239505307691678,-2.892308626285212,5.675835689707945,1.0845302826403334,-9.895407729141745,5.219815200561877,-9.293772901195219,318843
4.914675654624643,-5.950388796695252,9.161469602387605,-2.6411849739583104,-3.461367673238418,-7.022238993351106,-3.887915690195703,7.533015236564012,9.926686752544946,-2.6338093898630337,-1.0277873809091496,4.441418764054742,7.723915609301489,1.8608866837356821,-2.1694860364434128,-1.7475631830275251,179453
3.912362929936137,-9.935634727914426,2.3917867491968146,-2.890139791172852,5.883946625541686,-8.140187203537357,1.7640453389678097,-0.38054220227752467,2.846510518104548,-8.702928110340633,1.5996757485626247,1.2296917591904748,1.2132018883234181,2.069753331929096,3.5293587445272436,6.099779993615396,21607
-4.603585597435713,6.500988203601242,-0.034886354730927494,-8.458834417313376,-8.828981415120417,-3.3152336260787845,5.697939542229351,4.153618694818315,5.772299293448128,0.3453811288321873,-1.1960200408901898,-7.0509494658743215,-3.4361449278137695,-1.3196126765224943,-8.227991406407655,-5.587760945775775,8
1.9645058812747767,4.713262284783797,9.966950227858995,8.662266626871155,2.85130399070383,-1.5750389341185596,2.7235472941646535,5.71303236160464,-7.633276181532254,-1.8019022060742351,6.7960457127123455,-2.3233409613391203,1.4374454245437303,1.755387217243964,-6.310474937327212,-2.7552911669542324,21298
-3.309774225161357,-9.476065829358705,-9.516164722172896,6.633940873515471,-4.538583800543751,0.36157532477630916,-4.025488528224539,8.813584902306811,-4.814064822684525,-1.4068637452212975,7.454605009692038,6.838671335836175,-6.277971643074453,6.052866195914209,-0.8362622652421479,-0.3406225582928961,222703
-7.330400551681125,-8.387969724857507,4.558786139475304,-0.0707769528940041,-1.262985947696409,4.590164573047934,5.310257979822195,-6.821836646612929,2.204502989552825,-7.292918354446289,5.027501720580913,3.139103125342791,9.13229242166916,-8.620839672871575,-8.858905576974914,-4.3562585061359975,196430
-4.765886325281881,-5.060424018560004,8.125091610420732,-5.009076003009878,-4.56100547742738,5.187965248359275,-1.0052031509891997,5.534211139103624,-8.692676848712296,-0.24857612653231342,-9.327727996334348,-8.74693593089291,8.128749066888219,-7.215092577648097,0.6484136455043412,-1.7780879479858687,95988
-3.053133474823147,7.99666691374545,-9.56353206449021,3.275793723511782,9.267888684271007,1.2033636692368397,8.736449240661837,-8.954842414279526,-1.6241336185167725,-4.796844180758977,4.616419299614595,9.625941809944933,-4.869398751115044,3.083492029481489,-6.0380473448051974,1.306605091432198,136307
-0.7213502662332765,9.440106592630741,2.170545453929332,-3.0098725582636243,-7.718084302241333,-6.975063425301309,-5.493661400975299,-4.98066677319404,7.0123211568227575,1.2244557656504984,0.46781822748732793,-7.704622562615651,7.202793866988699,4.456286064169674,-8.646632761999967,4.156701944595373,562
0.8707643468529209,-8.365493085064434,-0.8339871694268712,-0.3060742573990609,-6.684509196734485,8.913962940005646,6.999507429613239,3.380446746582166,-0.7540887799878568,-1.764689168309829,3.0194693430190824,0.9086373881381089,-8.754537882362287,0.25005297540663385,6.12807234465679,-0.8152024480608393,86
-8.960868448914631,5.725563987680662,-5.972724357280512,-4.8275833022392245,-6.705872931354082,-3.3956987025700496,5.1350301137727,0.38771719007874594,-5.902374516985748,7.556601563040818,7.591637099030585,7.41156850092014,-5.224075772369215,-0.9752131163802389,9.699793122817503,5.440249526199807,234749
-9.456651575488804,-8.695908174790159,-0.7213724637533439,8.184404117231203,0.7740359590542845,-0.04374983931419507,-7.890526000867388,3.135602094485881,6.442063212004509,-2.3915998498487534,5.51223701850655,9.289533078016234,-5.924670817446218,0.4665926238948259,-4.257240838308489,5.857088380676787,8807
1.5518673176231506,2.6916483510060747,5.958283192317882,-2.0805905467509023,8.301801368140865,0.6605773449227996,-6.84090354329304,3.9179823633760495,5.865227008765089,-3.664766458649467,7.143585139975059,8.122865095315326,-4.461910252443822,9.67042945430444,-7.185769439024831,-5.9596866319502,1561
-6.315503215239477,7.879794200157409,3.0858510464992364,-6.957914335554543,-1.1935316326330199,2.30596050139604,-8.330718300212334,7.648327368146774,6.072070708830704,0.10413547153276426,9.342532305183408,-1.6447804144980065,9.682206380729955,3.3583999760725405,2.6934254650788283,-6.6809020940843,58952
7.638555166092878,-1.450206241587697,-6.755331884350413,-9.74784960048482,1.1951136727676506,0.547992442453527,4.387072447383172,7.805161060356042,-8.41186830713941,4.629929806807247,-6.251761118048355,7.163541063143278,6.381270277233121,0.8158750997108868,4.20485597246623,-3.7129977363250326,13997
-0.5766420213437069,6.432737954209433,-0.8146960565357215,-2.844034693491164,-0.11575105499400173,6.564985048744369,-3.2958390525825454,-6.524768137285124,4.240280406615614,6.5195642541616365,-7.987250429529333,-5.2025177448811055,-7.160560204780122,-3.0411717683566675,-0.9929804218917475,4.976526739266129,29
3.0229516976334825,2.418571349568623,-2.952501067806912,6.8289510616952,-0.5742566520367092,9.58209876030309,2.682842765914737,-7.474705168709946,3.523551241508681,-3.49791969136602,3.726543933721949,-8.607177036751885,-6.502371256480812,7.114745178115726,-5.456408859529702,6.7408225048588015,1180
-4.414478230911792,2.8576382011741526,3.883011470196621,0.25309506290105865,-3.8937864660653743,-5.747112472578078,-9.336212908751476,-3.921071975185524,3.0632558106256607,8.766096368969652,7.424089645261041,5.3212955307060525,5.768946865065974,3.2996980695199056,-4.79426284867994,8.143900614116596,6011
3.4146462381166813,1.2088126196087998,-7.780210615730379,-1.0588891238714915,-0.792834575961475,7.291272190453398,0.9329644037557685,-2.391989020591807,9.536006570213186,-7.785588133473686,-1.5490314337611082,-9.159506496571893,4.798082415338607,8.361531043983014,-4.399253408990211,7.166833535982416,2592
-4.155635390762045,8.215403232878305,5.079238071935679,6.098135536828771,-9.639868887990911,9.25620714148052,4.533419841406465,-3.904978092277334,6.58789329717694,-4.369576031701401,7.455076791322558,-7.74839219176126,4.073719549215916,0.8139695328982057,-8.069310596091183,-5.16212343482322,75179
-9.751919274453705,-0.6246406907098834,-3.9746947847999925,1.9671496859551763,-4.055243845827656,-4.001617769860307,4.863863974632068,-9.03714328043293,8.057899903839743,7.045277487823629,3.35609366452813,1.8644314021476855,7.846049962793046,-6.293396409425711,-8.420616756183428,-5.209796601809238,1467
5.891565574003806,-9.306594665470334,1.6561367016697925,9.908750323826197,7.113921876750787,0.4289137808717882,-8.727181814267153,6.627470287714196,1.97957016354421,-7.701340058808663,-8.122854303532876,8.192536388731849,3.3840052587615688,6.585735986335109,7.579578005645345,1.4354470409664444,20609
0.3489270351008251,-1.3914517935801953,-3.6610682441776143,-1.3080807828257655,5.477593114603128,2.0384686203026305,7.8504657990969235,-1.1323997124162446,2.1417915743750804,2.6261510618397743,1.8339432461265108,4.052675461710326,-5.251330632503874,0.24727555091581266,-7.915503943833047,-2.3097734471037494,16
-0.24665862757471224,3.04448519090945,9.010621051724069,2.013021330967117,4.871878323531195,0.12532118990405472,2.682080627526627,-8.581355677324531,-4.91216838316306,-2.762938135897226,-0.5501328998697286,-9.087025089952325,-7.199518048933646,-4.463713844173885,9.430653818021014,-3.373059857938985,97
-0.3591788377583498,-6.078045745232141,2.215601421515366,-4.386335689680514,-5.8601484312314644,0.3314525689195804,-9.889884016791584,-9.846719347015494,-5.6186238179628445,-9.265572749983576,-7.839484917386173,-3.222787013224968,6.051713591596258,1.4409728673860158,0.25335451912832774,-4.130223535837567,56
8.635074388656328,-2.059699175256167,-8.25814466408457,2.3413303223560256,-7.723232130467972,-3.0955371439661583,0.1482387743561766,7.484450493703516,-0.12906839319762753,4.045175320633286,9.856336779981408,-7.370217602040368,-4.50536948960961,-2.108478488047072,-1.5634364292233727,-1.7795784946890851,53931
8.1522200511311,4.280652889337128,2.158104281814076,-3.8125456427443583,6.475807684425895,9.101210229699777,6.423965651004529,-9.968697896170543,2.72802740366814,-8.977292371157986,-4.847855593325563,-8.809505993044567,2.0759090589877545,3.731798269852135,-7.710247238681898,-2.3232223391004103,14187
-0.8752698208891587,-2.618939564781668,-7.579499990296139,-1.621044196250491,5.023560956168362,-8.579846709334891,-8.39639971836193,-2.9045741632803157,8.834514232378503,3.371452934458281,3.5733991334512964,-2.7616001832427006,1.873215824170769,-9.797376319445132,2.721920928190844,8.265738951524735,747
2.2514693668963837,7.473971869326903,4.479461109321877,-7.5888316719261955,8.049066145716836,-8.671123112884501,0.6793494509552751,-7.157257524130847,-9.765867785381918,-1.55931479744722,-4.099185846916875,-0.27999012404793966,1.5439977346910165,-9.125218553821053,-7.539934097525087,1.1728479290085065,14204
-3.1366529365468354,4.583469750988961,3.0458329718387933,6.912087259798135,3.8498565333845054,-1.4013784521970365,3.4593324478886487,-4.49237651489163,-3.873730024435746,5.779703198415866,-1.071609671968357,5.96760681036705,6.448447473365569,7.151246753225674,8.332704716824146,-1.3802955897340752,4794
-3.6226636335772238,1.6439749318822763,-2.576551531247448,2.0214833360046587,4.111717252876492,3.768100369842738,-2.508942259597573,-6.662795966024944,-1.3894132307558493,-7.148117118361825,7.801940703676166,-3.0824507852428518,-6.910805055533524,-9.491044801884982,2.916447725729686,2.7380463490948657,576
-3.187916668374166,-8.56576222304698,-1.8074221020953587,-3.775650098732129,3.542412794700187,2.115584989053808,-2.7081254360492,-5.642148914900198,9.760719323111836,-0.9199675760777026,3.7654847156047406,-7.1889406484327845,-0.2882060068120431,-9.44926560261069,0.1091023582089985,9.280348142354047,6084
-2.3158657402839955,-9.220079748501767,-9.38088418161313,-2.24026480106261,-6.799501270736119,-9.532958073436282,5.124272279003536,-0.8295398223621859,-4.2151045605469095,8.001663660329616,-7.677220795989488,9.118376579106386,-3.7206656524529436,7.768073446173624,2.058857529589231,6.53414719482975,100316
9.680263264209287,-4.2318912436250855,9.22270970815186,-2.210362101951593,-2.289761905261553,-3.192257914909886,0.8281521469517035,-6.917099136430258,1.0742297071602245,0.8340962482000798,5.2380362520974,6.672999238751711,-1.1911729937515183,-3.9533350129701255,-4.813302053658111,-6.107523265902561,356861
-8.847048356019503,-3.1510404233057336,-4.595046157384335,9.328347717328146,1.154176525000878,-3.054459219389849,1.6093520198739206,-7.21606597308609,-1.119125015955941,2.524686428421276,-0.2220433641509718,-1.9644239869135145,9.876967777993965,7.60629524297854,2.4681191631888026,1.3875472236456545,41032
2.413209596491681,-5.9737578435513345,-2.097245134713628,-9.210809342182014,-0.4890792502634671,0.8604916791532631,-5.445005277935808,9.280576943310276,8.18909221874484,4.442864709118117,0.6677325753072516,7.3993831929536995,-7.386953123530741,5.8101958854977,-7.503583720663034,5.8842132509881075,2303
-4.484648634972861,7.541811620363777,8.880841876507958,-7.024080611897688,-0.7464878986921306,9.619747563253704,-0.3318512805370677,7.270950450290904,1.7746304426263961,-2.4934018416079624,-4.284328889482596,-5.935538178278255,5.235963827553945,-2.2691898635394425,0.22550924401502215,-0.15349039997636105,225553
1.5455805846626252,7.311542912491046,9.614786871668588,-1.8483158285236616,6.5503784421260605,5.2905558930943535,1.470579029111466,9.120942872238661,-5.990509689431944,-7.814715793807572,7.079239339108444,-1.2170036673250344,6.93937708414121,7.861804103908298,-8.750848127618571,7.669295259721213,29531
-1.0336188926115568,0.2086497800846452,2.531850221864204,8.527652134601734,-9.61767811140472,-0.46313063364365803,3.754440848611214,4.454139153964569,3.8506486307421603,-7.311297411837563,-4.012088232566375,-2.8256894916597304,6.088744153590099,-4.4248025517089395,-5.785900722655937,9.148960380761924,6
-9.822734297730623,9.956417113639564,3.5364259771479123,6.56938598898234,-4.107612073076137,-9.7136944466588,4.757390371230601,6.682891940013516,4.809522639070384,-7.142994253983228,5.068558445139381,5.378455642152819,3.1708103134010983,5.322318655911724,6.918428793554643,2.2720822847491675,299042
-8.227905720606419,-0.2474438066557827,-8.447013306567898,-1.8491393793513833,-1.8578702174874469,-8.679803117195169,-3.023589320610414,-7.780038024173703,6.164704200184442,8.953760519289414,-8.553670494841228,9.10230414583403,0.4515319867349028,-4.0086864409225225,-8.46275849447673,0.012485361408355544,750
5.890310889814973,4.141729545333963,-8.995479770720525,-8.54196329264193,-1.9425343473472587,-4.0941901190411345,-5.352313538879043,-4.379910021825728,6.069654865937693,8.58456107263708,-1.8979461094486716,8.122220042649943,-3.5700859750423604,-0.47126027312416774,-5.479420043680006,2.8095208435168786,120412
9.57962230349618,2.0698619208675737,-2.8437183177290226,2.9563489198105675,-7.541586430692249,7.773181605307972,0.06167901559672728,-1.0130051592071592,1.7172957690703843,2.495677255788049,-8.56448387546974,3.6523444244680476,-5.161366393689408,4.279052650131796,6.450695887683935,6.0791701510504055,7950
1.0500193481577824,0.4033978462150234,-7.142480773211766,5.506923008062712,-4.571812391065713,-0.06609154364106828,-4.314518141449666,-7.323432740006137,2.591153937834731,-8.913359303541924,4.972904682524,-3.6482640947776668,-9.997306139910293,0.22258278474459559,-9.062961829447937,-4.47660884358201,31
4.139529749114324,-8.746207567562683,6.786769847120048,-9.923601546828337,-5.063522615961955,4.818081123041429,-3.6745970054138644,-7.96215223867973,-2.795321623991443,-4.592134272309489,6.854238043211097,-3.733041648297137,5.778649435520144,7.8374428962146965,-1.3236516084694099,8.19886287708784,150952
-2.453638920736143,9.281568329802163,-8.21420950948854,3.7403853300648553,-0.12371919086142569,-2.247023890887059,2.6542375749720186,4.077141832686625,-9.91273460699382,-6.660938225056025,4.260921012686374,3.327708271564129,9.320950102573544,5.22075580501566,9.01545415462676,4.050810030696139,87478
-4.0389558272111366,-7.892701554982871,5.636477266898712,2.8829844295183182,-9.036279752134075,-2.798990681980433,9.135996309685723,0.0080229142040249,-1.3454172796059076,-0.84600789681412,-5.822345519896725,-2.6258565827040954,-2.603734880256468,-8.952899596250552,5.351352570358365,-1.66991136192242,80698
6.443597736328467,7.006960022397909,-5.760118906026839,3.1470696434025704,-0.5543639167403658,7.6031347584297,-5.685186416470918,3.556264006200884,2.155042445054452,-4.093970448563344,-7.267981926976548,3.0327952095455313,4.771949162646614,-3.6874531247330005,2.8966520804462768,-2.0973818477699346,169080
4.264137665652354,-6.015694502118938,7.804300052723487,-4.251808070688405,-2.644280244876942,-8.838160958393004,-7.769755753574472,0.3172380542465625,-4.64814646544057,6.709604514843889,-9.706132226900923,-2.4181190265612766,-3.2530890646181465,-9.61344738164798,-7.512632019989796,-1.7271465016272955,100198
-0.14270831105106652,-1.9142050549026184,0.6187535682418766,1.9026334981136301,-9.801523577443287,-0.7180968109299215,9.269984817751766,0.3806456025909739,3.5508453491790632,-3.7627228416623364,5.479827563055251,5.458429637522302,0.42592095308277855,9.52027646558427,-7.488995704746932,-9.661046702208381,9
5.403164235141919,6.143110747297651,-7.595855417588475,-4.6883433408278785,-9.648952732667421,-4.133827784388706,5.46283747837343,0.3592105542515789,-3.0380881366342383,-2.5652141018733943,-9.972927485690636,-4.0039894486952825,2.9291748327586102,9.483888876327143,6.941216539677988,-9.528100707089418,158907
7.9712120934967885,5.663968265972519,5.607522471419609,-0.8400848199285704,-2.0398941409099436,-3.941685423336148,-8.686102820912684,-5.435292730126018,-5.067927300439507,-0.31845860579596774,4.948888131933879,-0.5238034320410669,-8.843111011056788,9.155796019764079,8.854486381882246,5.703790862968168,160240
9.82655803128441,0.889646656005258,9.255367005064123,-8.487899187664985,-2.6863850347725737,-5.492374639864684,-6.083338317314599,-7.183941022146478,2.448272831319933,5.626437114946102,1.5659679884072126,-7.060745808235806,6.222475398669417,2.719094143274569,-2.23668587746009,3.4826059107212597,16373
-4.8019004151433435,-3.09615583011579,8.349716862639806,-4.189909886571592,-0.6002346368412681,7.802822747920292,4.1544270053505485,-8.755935476705945,-7.053939114420594,-9.843168184561664,2.6184358045832674,-1.046531491791633,-7.314502981954489,9.15868242113541,0.5931944789123982,-5.162134117742216,38529
0.012071423094150546,3.592406654702156,-8.47521564052871,-4.50592369904216,6.139309817679873,-0.8067025919467756,0.9315428406458981,-1.3436799558106145,-9.122001147139898,-6.685004403596881,-1.089167225162182,-5.816290691841443,-9.000419426806426,6.872993281036475,9.623850583282316,5.862857479934789,-2
7.07569843409334,-5.160457393659092,9.212539510263994,-6.061485910931433,9.028596207236646,9.89638587931902,4.234456114920974,9.622874635836439,1.3907955913420729,-4.809164336478194,-1.2600822866875827,1.8712187075757196,-8.5383687594597,2.4468652923449223,9.623556735245892,-6.197847004325448,282874
5.851902325767666,8.157975875592388,8.874031856404414,9.202712088108946,0.4291927744294384,9.546158159830075,5.146204142688777,-6.7665712752607625,-0.46199787064059983,4.36662350744008,-5.053193683618334,2.812303670977748,3.332009580932384,-6.746005123828683,1.301706249055126,5.432538219572153,448684
-0.02208670928116163,-9.75793766447785,-9.819230618414156,-2.859413120599756,8.523881368635639,-5.426464407927824,2.6872737774337434,-5.5584825861335885,-3.566600206809028,6.9608417920296795,4.577228845398938,-8.092014453735787,-1.4259595802713285,-9.416604727094711,-0.38219706793982056,3.2486802340213607,5
-7.629947528036968,-4.222301221816687,-2.043267489956861,8.390620493120995,9.86510030845928,-9.101774020087683,5.22015846990784,-2.5655186719531358,-2.1508362754103993,5.085299466940453,8.368528642908174,9.018571890050968,1.5424517207664152,-2.857576813989944,5.750981717175584,-4.979972334753995,10822
1.2814805766703543,-2.8284307695025372,3.1326214741575225,-5.192021742129862,-6.168141085303485,8.364781733508742,-7.963926341009262,0.11915815469863311,-5.582944340739822,-9.22140073348665,-9.279623634171472,-6.495564557883453,7.335407090120004,-4.350425120459467,9.009183411505916,1.6324458597838714,307
-1.2677162046246782,1.6017766933890911,0.33396770452535485,5.175525075146503,-4.350078680542955,-2.938992167993952,7.881886050665013,8.929130263008108,7.851164549729489,-1.611040120853728,5.607310060137634,-0.4732853339780245,-0.049202957077955745,-5.906397818854321,1.82260606517033,-6.277282044933042,-11
-3.368706018656125,7.100604032398703,-5.858483815782895,-8.576834296531343,-8.619848147743674,8.815690410062157,0.13840875923669316,-1.8117585636596338,6.217571620158367,6.716518558210321,-3.356179337687908,3.872361149475905,5.422456317037732,3.0930137373190902,-6.968098503998013,7.517661670341141,49113
0.7818910547201732,-4.350551472599927,-1.495436291246122,-9.248578192021853,-7.442663975551649,5.310935010317216,-9.999767304892677,-1.6686834303541573,0.4502036217117684,-8.907311599980554,9.461563259446656,-5.477493375006562,-3.916025607274383,-3.921149754899453,-5.391666757653002,-9.970523558273772,62
4.5868958817599275,9.336909995985707,-5.514130334299098,3.2609438360684493,4.837926539174301,6.968507581810496,-1.5474160597278175,-3.9413818871914152,-3.494097319539378,4.252426661970256,6.335589330112722,-6.367720644867947,-2.5811798368446954,8.038803934983001,6.133870393894785,9.697168055249517,139428
5.084965193641615,-2.1360959794415546,1.8127566798927557,3.220285084946406,-8.43088367365752,0.8899391820773026,4.1864165694521915,-6.653573919978792,5.612634348511143,1.675455610282233,9.044435713951891,-9.151554035862166,-4.693477248890661,2.0310775859964814,-4.0688017558813865,4.288483281424844,977
5.18010565043862,-7.9496807186705105,0.2770892841353536,0.17781111182111786,-2.614384595689179,8.658497251393442,6.550126397464425,3.9441876381927354,4.286532714699952,-0.7656771237376176,8.419890421931516,3.891908545065707,4.579621233116329,7.233818075746903,-4.51856821315618,6.141418077334059,337
-6.09518794087016,-3.0931609551022436,-3.2877909146031463,9.570509367782812,7.1307444749585365,4.023397231805195,4.541135232307802,1.241455888051421,8.94181334217038,-0.0748249423527696,-2.389645802602109,-6.73929326136818,5.724113045221159,4.688878641511829,-2.3128992295173028,-9.496131720815413,9604
6.779946554360215,-9.771640330918528,4.073995592581019,9.40514219452114,-1.2467734370359302,-5.300531900080944,4.097420200867635,6.342562840311704,0.9286063215569467,9.340705505122923,-8.966625566840777,0.09591196609056318,4.369078946451001,7.252809422983578,-6.414887761844199,6.000069635273629,182145
1.0541415143709045,-2.068926360200736,-7.365699428418129,7.30591517817825,-6.854535836405693,-3.8042428158180153,-4.1990893607512625,7.428280683817086,3.45405988417796,5.933627943827446,-4.99064202415002,2.497481992139978,1.4349196628749734,6.656607535765421,8.12174120962521,-9.756864570452263,639
3.4803983811758528,-8.96328401760542,0.9771733015471185,-4.247345419126436,-3.864468009557176,-2.9408299309528685,2.4258489809922033,-3.319000686624616,4.653981011805609,-1.9094522885226066,-8.632935993800828,5.675196849682145,-4.28483350814588,-1.344662408014747,3.708877664438031,-3.35087685702576,2315
-8.868286877065687,-2.521579059743728,8.888971653886067,2.8346879459711634,3.4295829733441394,2.6456430727527973,-6.020157220811264,-1.6333227179543979,5.018795967266366,-7.972542048936817,-4.442944478205755,-4.473617830682928,-1.3596214481098805,9.607374818843702,-8.649949066323561,0.37401988761190097,98795
-6.412706359755791,9.413530908194883,-7.733929905450716,-1.927979952768176,4.757699696692123,4.091088560548906,-1.545427262121354,-3.0695166409456354,-2.047752428942589,-4.714474736827214,-5.893341225864004,-0.3392060488222004,-4.629324878647854,-4.250766702054998,3.1351212694911403,9.370746633997843,544909
2.0727440111875026,-8.460410658700674,-8.48832772291866,9.02846441691132,-4.054184193853327,-8.158660278350492,1.980891743007632,2.4729755658053225,2.9700964023737626,-4.651959442849174,-9.697786315710498,9.300307389089436,-4.98213908617795,3.5205257610509495,4.132597397574191,2.2001483415897134,55392
-3.7418521157270357,-4.578074924718685,1.9533656540540623,7.321912672233829,8.934674578467913,-7.881883911924847,-6.903427748045603,8.894725175661591,4.730704566695852,7.659876496595462,-5.947347317293136,1.7517174221880367,4.022791888349474,3.6022377089394535,-1.8369661826660373,-9.69210216617383,2805
1.6585211360852625,-4.937969216407825,-0.9949150771421937,9.151620301676346,-2.019293647151306,6.796032133288534,-6.229187885014977,3.4492099605005766,9.540139088778869,-7.962137982541265,-9.83360115545616,-1.328344147347714,-8.147490338972656,4.967686993524627,8.29097327697118,-1.3195805458248238,159
-4.825767156891181,-1.3119336198678049,4.468956357000021,-9.81891676839258,1.7890797896939432,2.2658336977475813,2.75376493791871,-5.159558400382456,4.2810544675625355,-8.172170273364472,-6.014593270663983,7.54940093308964,4.774463014531328,-9.725088919773095,-5.032474792603995,-5.711870340136709,1994
-4.5838734392605485,-5.048804594402272,-8.749474085143085,-0.8211896680635924,4.654669495723303,2.1346344943487274,3.4574333719615957,-8.377016429275217,9.029814203535743,6.769836676860496,6.101806369913255,6.459676100835349,8.654210162655225,0.8850793222739544,-5.994359642647482,2.3356721570508228,102514
4.85762987335878,4.7583478670805075,0.4289804833376021,-8.630825613328438,-2.577741231397443,8.415332169267145,1.68897819514852,0.7666388651142686,-4.62292971235613,-2.6310216016684222,7.906921783063385,3.329260950536714,5.747740535046656,-0.9130915386468974,2.6049443891231583,-5.03232782513585,238
4.109216605669726,-1.4479733259332548,-1.149089703705089,2.9864464915376328,8.725612429378533,-8.719873067827582,6.494864746940152,-4.152337791756137,-1.1216109098724445,-9.56173342449982,-3.979078443313739,0.05262485260260874,-8.87647845305122,-0.1780854123366975,8.542212577168545,-7.892135637843896,101
5.288814561510087,-1.8065789324801464,3.1034742904867603,-4.795268040295413,-6.810154749172835,-6.790747714575471,-8.590161087137107,-6.28706590197514,3.2843876997793657,7.63381223687016,6.282513711823235,3.7026861974896814,-7.791362731777946,-4.216251074081003,-3.8038624935506204,-5.0008610720475755,2196
0.3001131941944628,0.7110762975934506,-2.862280496577796,-2.92421682527128,6.571111958121627,5.7858569663937125,-3.844083366385087,8.275768877465186,9.056300340050122,-3.465149159399184,-2.9115010241389028,0.11268306843917664,8.82241625067347,7.52638866284623,-7.948640748328204,-2.1453851345716757,12
